{
  "cross_val": {
    "voice": {
      "mean": 0.38333333333333336,
      "std": 0.24988886418655085
    },
    "spiral": {
      "mean": 0.95625,
      "std": 0.03617449032121945
    }
  },
  "holdout": {
    "auc_voice": 0.19999999999999998,
    "auc_spiral": 0.921875,
    "auc_fusion": 0.8047619047619048
  }
}