{
  "cross_val": {
    "voice": {
      "mean": 0.9986126338871552,
      "std": 0.0015665383157634145
    },
    "spiral": {
      "mean": 0.95625,
      "std": 0.03617449032121945
    }
  },
  "holdout": {
    "auc_voice": 0.9997891540861937,
    "auc_spiral": 0.921875,
    "auc_fusion": 0.9988771614641815
  }
}